<?xml version="1.0" encoding="UTF-8"?>
<project-private xmlns="http://www.netbeans.org/ns/project-private/1">
    <editor-bookmarks xmlns="http://www.netbeans.org/ns/editor-bookmarks/2" lastBookmarkId="0"/>
    <open-files xmlns="http://www.netbeans.org/ns/projectui-open-files/2">
        <group>
            <file>file:/D:/Java%20Project/LKPD%20PBO%20UTS/DegDegan/src/degdegan/SpekDegan.java</file>
            <file>file:/D:/Java%20Project/LKPD%20PBO%20UTS/DegDegan/src/degdegan/Harga.java</file>
            <file>file:/D:/Java%20Project/LKPD%20PBO%20UTS/DegDegan/src/degdegan/DegDegan.java</file>
            <file>file:/D:/Java%20Project/LKPD%20PBO%20UTS/DegDegan/src/degdegan/DeliveryServices.java</file>
            <file>file:/D:/Java%20Project/LKPD%20PBO%20UTS/DegDegan/src/degdegan/Kota.java</file>
        </group>
    </open-files>
</project-private>
